{"cameraMode":{"drawMode":0,"name":"Shaded","section":"Shading Mode"},"sceneLighting":true,"audioPlay":false,"sceneViewState":{"showFog":true,"showMaterialUpdate":true,"showSkybox":true,"showFlares":true,"showImageEffects":true,"showParticleSystems":true},"in2DMode":false,"pivot":{"x":6.409634590148926,"y":1.2638181447982789,"z":1.0440616607666016},"rotation":{"x":-0.16515862941741944,"y":-0.8241428136825562,"z":0.30319344997406008,"w":-0.4490572214126587},"size":1.1440439224243165,"orthographic":false}