{"cameraMode":{"drawMode":0,"name":"Shaded","section":"Shading Mode"},"sceneLighting":true,"audioPlay":false,"sceneViewState":{"showFog":true,"showMaterialUpdate":true,"showSkybox":true,"showFlares":true,"showImageEffects":true,"showParticleSystems":true},"in2DMode":false,"pivot":{"x":5.842426300048828,"y":1.4827344417572022,"z":1.0130939483642579},"rotation":{"x":-0.14118726551532746,"y":-0.8578333854675293,"z":0.3708208203315735,"w":-0.3267219662666321},"size":0.7037054896354675,"orthographic":false}