{"cameraMode":{"drawMode":0,"name":"Shaded","section":"Shading Mode"},"sceneLighting":true,"audioPlay":false,"sceneViewState":{"showFog":true,"showMaterialUpdate":true,"showSkybox":true,"showFlares":true,"showImageEffects":true,"showParticleSystems":true},"in2DMode":false,"pivot":{"x":8.527413368225098,"y":-10.227412223815918,"z":-6.756173133850098},"rotation":{"x":-0.14118726551532746,"y":-0.8578333854675293,"z":0.3708208203315735,"w":-0.3267219662666321},"size":15.901986122131348,"orthographic":false}