{"cameraMode":{"drawMode":0,"name":"Shaded","section":"Shading Mode"},"sceneLighting":true,"audioPlay":false,"sceneViewState":{"showFog":true,"showMaterialUpdate":true,"showSkybox":true,"showFlares":true,"showImageEffects":true,"showParticleSystems":true},"in2DMode":false,"pivot":{"x":7.287411212921143,"y":0.35794198513031008,"z":1.188170313835144},"rotation":{"x":-0.23523816466331483,"y":-0.6037529110908508,"z":0.19273042678833009,"w":-0.7368974089622498},"size":2.0291965007781984,"orthographic":false}