{"cameraMode":{"drawMode":0,"name":"Shaded","section":"Shading Mode"},"sceneLighting":true,"audioPlay":false,"sceneViewState":{"showFog":true,"showMaterialUpdate":true,"showSkybox":true,"showFlares":true,"showImageEffects":true,"showParticleSystems":true},"in2DMode":false,"pivot":{"x":5.92532205581665,"y":0.8627750873565674,"z":0.9090056419372559},"rotation":{"x":-0.4075686037540436,"y":-0.028217723593115808,"z":0.012601152062416077,"w":-0.9126587510108948},"size":0.716399610042572,"orthographic":false}